﻿Data Fields,Description
Job code,A unique identifier assigned to each maintenance task.
Aircraft,"The identifier for the aircraft, maps to AIRCRAFT in the MU data."
Transaction Code,The type of data being reported. Descriptions are on page E-29 of Maintenance Documentation Codes.
Malfunction Code,Codes that reference the type of malfunction (failure vs non-failure) and where it occurred. 799 is no fault found and may be of particular interest when paired with the MU data.
Action Taken Code,The type of repair. These codes are frequently misclassified. Descriptions are on page E-1 of Maintenance Documentation Codes.
Description of Problem,A description of what needed to be fixed on the aircraft.
Correction of Problem,A description of how the problem on the aircraft was corrected.
Received Date,The date the maintenance action was received in local time.
Completion Date,The date the maintenance action was completed in local time.
Corrosion,A yes flag that indicates whether the maintenance action was corrosion-related.
Bare Metal,"A yes flag that indicates whether the maintenance action references bare metal, which can be indicative of corrosion."
Preventative Corrosion Treatment,A yes flag that indicates whether the maintenance action was preventative. Preventative maintenance is often related to corrosion.
Routine,A yes flag that indicates whether the maintenance action was routine.
Unscheduled,A yes flag that indicates whether the maintenance action was unscheduled.
Mission-Related Maintenance,"A yes flag that indicates whether the maintenance action was related to mission needs, such as adding a particular sensor or capability."
Failure,A yes flag that indicates whether the maintenance action was related to a failure.