﻿Data Fields,Description
AIRCRAFT,"The unique identifier for the aircraft, maps to Aircraft in the MAF data."
SQUADRON,The grouping the aircraft is currently assigned to. This chan es over time as aircraft are moved around.
LOT,The manufacturing grouping for the aircraft. Lots typically consist of 12+ aircrafts.
MSP,"Maintenance Service Panel code, similar to the standard fault codes you can download from an automobile."
ZULU_TIME,"GMT time record of the fault (Note: The MAF data is in local time, so the time stamps will not correlate exactly.)"
FLIGHT_MODE,What the aircraft was doing when the fault code happened. (Repeated patterns of a fault code while the aircraft is on the ground can mean a maintainer is on the ground can mean a maintainer is servicing the aircraft or trying to replicate a fault.)